{"0+ in 6 months": {"Total eventual bad": 234, "Total proxy bad": 150, "Accuracy score": 0.9571244819208232, "Precision score": 0.28, "Recall score": 0.1794871794871795, "F1 score": 0.21875, "F2_score": 0.19337016574585636}, "29+ in 6 months": {"Total eventual bad": 234, "Total proxy bad": 80, "Accuracy score": 0.9671287694726312, "Precision score": 0.525, "Recall score": 0.1794871794871795, "F1 score": 0.267515923566879, "F2_score": 0.20669291338582677}, "59+ in 6 months": {"Total eventual bad": 234, "Total proxy bad": 0, "Accuracy score": 0.9665570958982421, "Precision score": 0.0, "Recall score": 0.0, "F1 score": 0.0, "F2_score": 0.0}, "89+ in 6 months": {"Total eventual bad": 234, "Total proxy bad": 0, "Accuracy score": 0.9665570958982421, "Precision score": 0.0, "Recall score": 0.0, "F1 score": 0.0, "F2_score": 0.0}, "0+ in 12 months": {"Total eventual bad": 234, "Total proxy bad": 370, "Accuracy score": 0.9479777047305988, "Precision score": 0.32432432432432434, "Recall score": 0.5128205128205128, "F1 score": 0.3973509933774834, "F2_score": 0.4594180704441041}, "29+ in 12 months": {"Total eventual bad": 234, "Total proxy bad": 197, "Accuracy score": 0.9724167500357296, "Precision score": 0.6040609137055838, "Recall score": 0.5085470085470085, "F1 score": 0.5522041763341068, "F2_score": 0.5251544571932921}, "59+ in 12 months": {"Total eventual bad": 234, "Total proxy bad": 148, "Accuracy score": 0.9791339145348006, "Precision score": 0.7972972972972973, "Recall score": 0.5042735042735043, "F1 score": 0.6178010471204187, "F2_score": 0.5442804428044281}, "89+ in 12 months": {"Total eventual bad": 234, "Total proxy bad": 118, "Accuracy score": 0.9834214663427183, "Precision score": 1.0, "Recall score": 0.5042735042735043, "F1 score": 0.6704545454545454, "F2_score": 0.5597722960151803}, "0+ in 15 months": {"Total eventual bad": 234, "Total proxy bad": 651, "Accuracy score": 0.9272545376589967, "Precision score": 0.2887864823348694, "Recall score": 0.8034188034188035, "F1 score": 0.42485875706214693, "F2_score": 0.5923125393824827}, "29+ in 15 months": {"Total eventual bad": 234, "Total proxy bad": 362, "Accuracy score": 0.9677004430470202, "Precision score": 0.511049723756906, "Recall score": 0.7905982905982906, "F1 score": 0.6208053691275167, "F2_score": 0.7126348228043142}, "59+ in 15 months": {"Total eventual bad": 234, "Total proxy bad": 227, "Accuracy score": 0.9735600971845076, "Precision score": 0.6079295154185022, "Recall score": 0.5897435897435898, "F1 score": 0.5986984815618221, "F2_score": 0.5932932072226998}, "89+ in 15 months": {"Total eventual bad": 234, "Total proxy bad": 118, "Accuracy score": 0.9834214663427183, "Precision score": 1.0, "Recall score": 0.5042735042735043, "F1 score": 0.6704545454545454, "F2_score": 0.5597722960151803}, "0+ in 18 months": {"Total eventual bad": 234, "Total proxy bad": 742, "Accuracy score": 0.9142489638416464, "Precision score": 0.25336927223719674, "Recall score": 0.8034188034188035, "F1 score": 0.38524590163934425, "F2_score": 0.5601907032181168}, "29+ in 18 months": {"Total eventual bad": 234, "Total proxy bad": 362, "Accuracy score": 0.9677004430470202, "Precision score": 0.511049723756906, "Recall score": 0.7905982905982906, "F1 score": 0.6208053691275167, "F2_score": 0.7126348228043142}, "59+ in 18 months": {"Total eventual bad": 234, "Total proxy bad": 273, "Accuracy score": 0.9801343432899814, "Precision score": 0.673992673992674, "Recall score": 0.7863247863247863, "F1 score": 0.7258382642998027, "F2_score": 0.7609594706368901}, "89+ in 18 months": {"Total eventual bad": 234, "Total proxy bad": 184, "Accuracy score": 0.9928540803201372, "Precision score": 1.0, "Recall score": 0.7863247863247863, "F1 score": 0.8803827751196173, "F2_score": 0.8214285714285714}, "0+ in 20 months": {"Total eventual bad": 234, "Total proxy bad": 913, "Accuracy score": 0.9029584107474632, "Precision score": 0.25629791894852133, "Recall score": 1.0, "F1 score": 0.4080209241499564, "F2_score": 0.6327744726879394}, "29+ in 20 months": {"Total eventual bad": 234, "Total proxy bad": 526, "Accuracy score": 0.9582678290696013, "Precision score": 0.4448669201520912, "Recall score": 1.0, "F1 score": 0.6157894736842106, "F2_score": 0.8002735978112177}, "59+ in 20 months": {"Total eventual bad": 234, "Total proxy bad": 323, "Accuracy score": 0.9729884236101186, "Precision score": 0.5696594427244582, "Recall score": 0.7863247863247863, "F1 score": 0.6606822262118492, "F2_score": 0.7307386814932486}, "89+ in 20 months": {"Total eventual bad": 234, "Total proxy bad": 184, "Accuracy score": 0.9928540803201372, "Precision score": 1.0, "Recall score": 0.7863247863247863, "F1 score": 0.8803827751196173, "F2_score": 0.8214285714285714}, "0+ in 24 months": {"Total eventual bad": 234, "Total proxy bad": 957, "Accuracy score": 0.896670001429184, "Precision score": 0.2445141065830721, "Recall score": 1.0, "F1 score": 0.39294710327455923, "F2_score": 0.618066561014263}, "29+ in 24 months": {"Total eventual bad": 234, "Total proxy bad": 526, "Accuracy score": 0.9582678290696013, "Precision score": 0.4448669201520912, "Recall score": 1.0, "F1 score": 0.6157894736842106, "F2_score": 0.8002735978112177}, "59+ in 24 months": {"Total eventual bad": 234, "Total proxy bad": 393, "Accuracy score": 0.9772759754180363, "Precision score": 0.5954198473282443, "Recall score": 1.0, "F1 score": 0.7464114832535885, "F2_score": 0.8803611738148984}, "89+ in 24 months": {"Total eventual bad": 234, "Total proxy bad": 234, "Accuracy score": 1.0, "Precision score": 1.0, "Recall score": 1.0, "F1 score": 1.0, "F2_score": 1.0}, "eventual_bad": {"Total eventual bad": 234, "Total proxy bad": 234, "Accuracy score": 1.0, "Precision score": 1.0, "Recall score": 1.0, "F1 score": 1.0, "F2_score": 1.0}, "proxy_bad": {"Total eventual bad": 234, "Total proxy bad": 370, "Accuracy score": 0.9479777047305988, "Precision score": 0.32432432432432434, "Recall score": 0.5128205128205128, "F1 score": 0.3973509933774834, "F2_score": 0.4594180704441041}}